Name,Team,Score
A Ashish Reddy.csv,GT,66.26219931840896
A Badoni.csv,RCB,48.265427297353746
A Chandila.csv,MI,61.447640819847585
A Chopra.csv,LSG,23.05003514364362
A Symonds.csv,GT,88.55127016305923
A Tomar.csv,DC,13.118282331526279
A Uniyal.csv,PBKS,47.406379506364466
A Zampa.csv,KKR,52.97197720631957